Domain Code,Domain,Area Code (M49),Area,Element Code,Element,Item Code (CPC),Item,Year Code,Year,Unit,Value,Flag,Flag Description,Note
"QCL","Crops and livestock products","524","Nepal","5412","Yield","0112","Maize (corn)","1961","1961","kg/ha","1951.4","A","Official value",""
"QCL","Crops and livestock products","524","Nepal","5412","Yield","0112","Maize (corn)","1962","1962","kg/ha","1955.2","A","Official value",""
"QCL","Crops and livestock products","524","Nepal","5412","Yield","0112","Maize (corn)","1963","1963","kg/ha","1956.2","A","Official value",""
"QCL","Crops and livestock products","524","Nepal","5412","Yield","0112","Maize (corn)","1964","1964","kg/ha","1954.2","A","Official value",""
"QCL","Crops and livestock products","524","Nepal","5412","Yield","0112","Maize (corn)","1965","1965","kg/ha","1898","A","Official value",""
"QCL","Crops and livestock products","524","Nepal","5412","Yield","0112","Maize (corn)","1966","1966","kg/ha","1831.2","A","Official value",""
"QCL","Crops and livestock products","524","Nepal","5412","Yield","0112","Maize (corn)","1967","1967","kg/ha","1809.7","A","Official value",""
"QCL","Crops and livestock products","524","Nepal","5412","Yield","0112","Maize (corn)","1968","1968","kg/ha","1814.2","A","Official value",""
"QCL","Crops and livestock products","524","Nepal","5412","Yield","0112","Maize (corn)","1969","1969","kg/ha","1836.2","A","Official value",""
"QCL","Crops and livestock products","524","Nepal","5412","Yield","0112","Maize (corn)","1970","1970","kg/ha","1869.5","A","Official value",""
"QCL","Crops and livestock products","524","Nepal","5412","Yield","0112","Maize (corn)","1971","1971","kg/ha","1729.8","A","Official value",""
"QCL","Crops and livestock products","524","Nepal","5412","Yield","0112","Maize (corn)","1972","1972","kg/ha","1845","A","Official value",""
"QCL","Crops and livestock products","524","Nepal","5412","Yield","0112","Maize (corn)","1973","1973","kg/ha","1794.8","A","Official value",""
"QCL","Crops and livestock products","524","Nepal","5412","Yield","0112","Maize (corn)","1974","1974","kg/ha","1804.8","A","Official value",""
"QCL","Crops and livestock products","524","Nepal","5412","Yield","0112","Maize (corn)","1975","1975","kg/ha","1652.5","A","Official value",""
"QCL","Crops and livestock products","524","Nepal","5412","Yield","0112","Maize (corn)","1976","1976","kg/ha","1790.4","A","Official value",""
"QCL","Crops and livestock products","524","Nepal","5412","Yield","0112","Maize (corn)","1977","1977","kg/ha","1664.1","A","Official value",""
"QCL","Crops and livestock products","524","Nepal","5412","Yield","0112","Maize (corn)","1978","1978","kg/ha","1635.2","A","Official value",""
"QCL","Crops and livestock products","524","Nepal","5412","Yield","0112","Maize (corn)","1979","1979","kg/ha","1332.1","A","Official value",""
"QCL","Crops and livestock products","524","Nepal","5412","Yield","0112","Maize (corn)","1980","1980","kg/ha","1624.1","A","Official value",""
"QCL","Crops and livestock products","524","Nepal","5412","Yield","0112","Maize (corn)","1981","1981","kg/ha","1580.5","A","Official value",""
"QCL","Crops and livestock products","524","Nepal","5412","Yield","0112","Maize (corn)","1982","1982","kg/ha","1406.2","A","Official value",""
"QCL","Crops and livestock products","524","Nepal","5412","Yield","0112","Maize (corn)","1983","1983","kg/ha","1510.8","A","Official value",""
"QCL","Crops and livestock products","524","Nepal","5412","Yield","0112","Maize (corn)","1984","1984","kg/ha","1416.7","A","Official value",""
"QCL","Crops and livestock products","524","Nepal","5412","Yield","0112","Maize (corn)","1985","1985","kg/ha","1421.5","A","Official value",""
"QCL","Crops and livestock products","524","Nepal","5412","Yield","0112","Maize (corn)","1986","1986","kg/ha","1385.6","A","Official value",""
"QCL","Crops and livestock products","524","Nepal","5412","Yield","0112","Maize (corn)","1987","1987","kg/ha","1337.9","A","Official value",""
"QCL","Crops and livestock products","524","Nepal","5412","Yield","0112","Maize (corn)","1988","1988","kg/ha","1484.5","A","Official value",""
"QCL","Crops and livestock products","524","Nepal","5412","Yield","0112","Maize (corn)","1989","1989","kg/ha","1598.8","A","Official value",""
"QCL","Crops and livestock products","524","Nepal","5412","Yield","0112","Maize (corn)","1990","1990","kg/ha","1624.6","A","Official value",""
"QCL","Crops and livestock products","524","Nepal","5412","Yield","0112","Maize (corn)","1991","1991","kg/ha","1597.6","A","Official value",""
"QCL","Crops and livestock products","524","Nepal","5412","Yield","0112","Maize (corn)","1992","1992","kg/ha","1664.7","A","Official value",""
"QCL","Crops and livestock products","524","Nepal","5412","Yield","0112","Maize (corn)","1993","1993","kg/ha","1598.4","A","Official value",""
"QCL","Crops and livestock products","524","Nepal","5412","Yield","0112","Maize (corn)","1994","1994","kg/ha","1650.2","A","Official value",""
"QCL","Crops and livestock products","524","Nepal","5412","Yield","0112","Maize (corn)","1995","1995","kg/ha","1644.7","A","Official value",""
"QCL","Crops and livestock products","524","Nepal","5412","Yield","0112","Maize (corn)","1996","1996","kg/ha","1677","A","Official value",""
"QCL","Crops and livestock products","524","Nepal","5412","Yield","0112","Maize (corn)","1997","1997","kg/ha","1658.5","A","Official value",""
"QCL","Crops and livestock products","524","Nepal","5412","Yield","0112","Maize (corn)","1998","1998","kg/ha","1711.2","A","Official value",""
"QCL","Crops and livestock products","524","Nepal","5412","Yield","0112","Maize (corn)","1999","1999","kg/ha","1677.6","A","Official value",""
"QCL","Crops and livestock products","524","Nepal","5412","Yield","0112","Maize (corn)","2000","2000","kg/ha","1727.5","A","Official value",""
"QCL","Crops and livestock products","524","Nepal","5412","Yield","0112","Maize (corn)","2001","2001","kg/ha","1800","A","Official value",""
"QCL","Crops and livestock products","524","Nepal","5412","Yield","0112","Maize (corn)","2002","2002","kg/ha","1829.1","A","Official value",""
"QCL","Crops and livestock products","524","Nepal","5412","Yield","0112","Maize (corn)","2003","2003","kg/ha","1876.5","A","Official value",""
"QCL","Crops and livestock products","524","Nepal","5412","Yield","0112","Maize (corn)","2004","2004","kg/ha","1905.9","A","Official value",""
"QCL","Crops and livestock products","524","Nepal","5412","Yield","0112","Maize (corn)","2005","2005","kg/ha","2019.1","A","Official value",""
"QCL","Crops and livestock products","524","Nepal","5412","Yield","0112","Maize (corn)","2006","2006","kg/ha","2038.2","A","Official value",""
"QCL","Crops and livestock products","524","Nepal","5412","Yield","0112","Maize (corn)","2007","2007","kg/ha","2090.9","A","Official value",""
"QCL","Crops and livestock products","524","Nepal","5412","Yield","0112","Maize (corn)","2008","2008","kg/ha","2159","A","Official value",""
"QCL","Crops and livestock products","524","Nepal","5412","Yield","0112","Maize (corn)","2009","2009","kg/ha","2205.4","A","Official value",""
"QCL","Crops and livestock products","524","Nepal","5412","Yield","0112","Maize (corn)","2010","2010","kg/ha","2118.6","A","Official value",""
"QCL","Crops and livestock products","524","Nepal","5412","Yield","0112","Maize (corn)","2011","2011","kg/ha","2281.4","A","Official value",""
"QCL","Crops and livestock products","524","Nepal","5412","Yield","0112","Maize (corn)","2012","2012","kg/ha","2501.1","A","Official value",""
"QCL","Crops and livestock products","524","Nepal","5412","Yield","0112","Maize (corn)","2013","2013","kg/ha","2352.8","A","Official value",""
"QCL","Crops and livestock products","524","Nepal","5412","Yield","0112","Maize (corn)","2014","2014","kg/ha","2458.4","A","Official value",""
"QCL","Crops and livestock products","524","Nepal","5412","Yield","0112","Maize (corn)","2015","2015","kg/ha","2431.2","A","Official value",""
"QCL","Crops and livestock products","524","Nepal","5412","Yield","0112","Maize (corn)","2016","2016","kg/ha","2502.9","A","Official value",""
"QCL","Crops and livestock products","524","Nepal","5412","Yield","0112","Maize (corn)","2017","2017","kg/ha","2554.9","A","Official value",""
"QCL","Crops and livestock products","524","Nepal","5412","Yield","0112","Maize (corn)","2018","2018","kg/ha","2721.6","A","Official value",""
"QCL","Crops and livestock products","524","Nepal","5412","Yield","0112","Maize (corn)","2019","2019","kg/ha","2819.9","A","Official value",""
"QCL","Crops and livestock products","524","Nepal","5412","Yield","0112","Maize (corn)","2020","2020","kg/ha","2961.1","A","Official value",""
"QCL","Crops and livestock products","524","Nepal","5412","Yield","0112","Maize (corn)","2021","2021","kg/ha","3059.6","A","Official value",""
"QCL","Crops and livestock products","524","Nepal","5412","Yield","0112","Maize (corn)","2022","2022","kg/ha","3151.9","A","Official value",""
"QCL","Crops and livestock products","524","Nepal","5412","Yield","0112","Maize (corn)","2023","2023","kg/ha","3165.6","A","Official value",""
"QCL","Crops and livestock products","524","Nepal","5412","Yield","0112","Maize (corn)","2024","2024","kg/ha","3486.6","A","Official value",""
"QCL","Crops and livestock products","524","Nepal","5412","Yield","0118","Millet","1961","1961","kg/ha","926.5","E","Estimated value",""
"QCL","Crops and livestock products","524","Nepal","5412","Yield","0118","Millet","1962","1962","kg/ha","944.4","E","Estimated value",""
"QCL","Crops and livestock products","524","Nepal","5412","Yield","0118","Millet","1963","1963","kg/ha","927.5","A","Official value",""
"QCL","Crops and livestock products","524","Nepal","5412","Yield","0118","Millet","1964","1964","kg/ha","913","A","Official value",""
"QCL","Crops and livestock products","524","Nepal","5412","Yield","0118","Millet","1965","1965","kg/ha","1200","A","Official value",""
"QCL","Crops and livestock products","524","Nepal","5412","Yield","0118","Millet","1966","1966","kg/ha","1200","A","Official value",""
"QCL","Crops and livestock products","524","Nepal","5412","Yield","0118","Millet","1967","1967","kg/ha","1110.7","A","Official value",""
"QCL","Crops and livestock products","524","Nepal","5412","Yield","0118","Millet","1968","1968","kg/ha","1115.8","A","Official value",""
"QCL","Crops and livestock products","524","Nepal","5412","Yield","0118","Millet","1969","1969","kg/ha","1113.5","A","Official value",""
"QCL","Crops and livestock products","524","Nepal","5412","Yield","0118","Millet","1970","1970","kg/ha","1126.4","A","Official value",""
"QCL","Crops and livestock products","524","Nepal","5412","Yield","0118","Millet","1971","1971","kg/ha","1128.6","A","Official value",""
"QCL","Crops and livestock products","524","Nepal","5412","Yield","0118","Millet","1972","1972","kg/ha","1120.9","A","Official value",""
"QCL","Crops and livestock products","524","Nepal","5412","Yield","0118","Millet","1973","1973","kg/ha","1133.4","A","Official value",""
"QCL","Crops and livestock products","524","Nepal","5412","Yield","0118","Millet","1974","1974","kg/ha","1136.8","A","Official value",""
"QCL","Crops and livestock products","524","Nepal","5412","Yield","0118","Millet","1975","1975","kg/ha","1136.2","A","Official value",""
"QCL","Crops and livestock products","524","Nepal","5412","Yield","0118","Millet","1976","1976","kg/ha","1133.4","A","Official value",""
"QCL","Crops and livestock products","524","Nepal","5412","Yield","0118","Millet","1977","1977","kg/ha","1069.2","A","Official value",""
"QCL","Crops and livestock products","524","Nepal","5412","Yield","0118","Millet","1978","1978","kg/ha","1078.8","A","Official value",""
"QCL","Crops and livestock products","524","Nepal","5412","Yield","0118","Millet","1979","1979","kg/ha","971.7","A","Official value",""
"QCL","Crops and livestock products","524","Nepal","5412","Yield","0118","Millet","1980","1980","kg/ha","997.9","A","Official value",""
"QCL","Crops and livestock products","524","Nepal","5412","Yield","0118","Millet","1981","1981","kg/ha","996.8","A","Official value",""
"QCL","Crops and livestock products","524","Nepal","5412","Yield","0118","Millet","1982","1982","kg/ha","937.7","A","Official value",""
"QCL","Crops and livestock products","524","Nepal","5412","Yield","0118","Millet","1983","1983","kg/ha","927.7","A","Official value",""
"QCL","Crops and livestock products","524","Nepal","5412","Yield","0118","Millet","1984","1984","kg/ha","926","A","Official value",""
"QCL","Crops and livestock products","524","Nepal","5412","Yield","0118","Millet","1985","1985","kg/ha","913.2","A","Official value",""
"QCL","Crops and livestock products","524","Nepal","5412","Yield","0118","Millet","1986","1986","kg/ha","912.5","A","Official value",""
"QCL","Crops and livestock products","524","Nepal","5412","Yield","0118","Millet","1987","1987","kg/ha","911.1","A","Official value",""
"QCL","Crops and livestock products","524","Nepal","5412","Yield","0118","Millet","1988","1988","kg/ha","1002.9","A","Official value",""
"QCL","Crops and livestock products","524","Nepal","5412","Yield","0118","Millet","1989","1989","kg/ha","1161.7","A","Official value",""
"QCL","Crops and livestock products","524","Nepal","5412","Yield","0118","Millet","1990","1990","kg/ha","1166.5","A","Official value",""
"QCL","Crops and livestock products","524","Nepal","5412","Yield","0118","Millet","1991","1991","kg/ha","1153.5","A","Official value",""
"QCL","Crops and livestock products","524","Nepal","5412","Yield","0118","Millet","1992","1992","kg/ha","1173.4","A","Official value",""
"QCL","Crops and livestock products","524","Nepal","5412","Yield","0118","Millet","1993","1993","kg/ha","1078.7","A","Official value",""
"QCL","Crops and livestock products","524","Nepal","5412","Yield","0118","Millet","1994","1994","kg/ha","1069.7","A","Official value",""
"QCL","Crops and livestock products","524","Nepal","5412","Yield","0118","Millet","1995","1995","kg/ha","972.1","A","Official value",""
"QCL","Crops and livestock products","524","Nepal","5412","Yield","0118","Millet","1996","1996","kg/ha","1086.6","A","Official value",""
"QCL","Crops and livestock products","524","Nepal","5412","Yield","0118","Millet","1997","1997","kg/ha","1084.6","A","Official value",""
"QCL","Crops and livestock products","524","Nepal","5412","Yield","0118","Millet","1998","1998","kg/ha","1086.5","A","Official value",""
"QCL","Crops and livestock products","524","Nepal","5412","Yield","0118","Millet","1999","1999","kg/ha","1103.9","A","Official value",""
"QCL","Crops and livestock products","524","Nepal","5412","Yield","0118","Millet","2000","2000","kg/ha","1024.6","A","Official value",""
"QCL","Crops and livestock products","524","Nepal","5412","Yield","0118","Millet","2001","2001","kg/ha","1088.4","A","Official value",""
"QCL","Crops and livestock products","524","Nepal","5412","Yield","0118","Millet","2002","2002","kg/ha","1094.7","A","Official value",""
"QCL","Crops and livestock products","524","Nepal","5412","Yield","0118","Millet","2003","2003","kg/ha","1091.6","A","Official value",""
"QCL","Crops and livestock products","524","Nepal","5412","Yield","0118","Millet","2004","2004","kg/ha","1095.8","A","Official value",""
"QCL","Crops and livestock products","524","Nepal","5412","Yield","0118","Millet","2005","2005","kg/ha","1119.8","A","Official value",""
"QCL","Crops and livestock products","524","Nepal","5412","Yield","0118","Millet","2006","2006","kg/ha","1111.8","A","Official value",""
"QCL","Crops and livestock products","524","Nepal","5412","Yield","0118","Millet","2007","2007","kg/ha","1074.1","A","Official value",""
"QCL","Crops and livestock products","524","Nepal","5412","Yield","0118","Millet","2008","2008","kg/ha","1096.4","A","Official value",""
"QCL","Crops and livestock products","524","Nepal","5412","Yield","0118","Millet","2009","2009","kg/ha","1100.8","A","Official value",""
"QCL","Crops and livestock products","524","Nepal","5412","Yield","0118","Millet","2010","2010","kg/ha","1115.7","A","Official value",""
"QCL","Crops and livestock products","524","Nepal","5412","Yield","0118","Millet","2011","2011","kg/ha","1121.8","A","Official value",""
"QCL","Crops and livestock products","524","Nepal","5412","Yield","0118","Millet","2012","2012","kg/ha","1133.2","A","Official value",""
"QCL","Crops and livestock products","524","Nepal","5412","Yield","0118","Millet","2013","2013","kg/ha","1113.9","A","Official value",""
"QCL","Crops and livestock products","524","Nepal","5412","Yield","0118","Millet","2014","2014","kg/ha","1121.4","A","Official value",""
"QCL","Crops and livestock products","524","Nepal","5412","Yield","0118","Millet","2015","2015","kg/ha","1150.9","A","Official value",""
"QCL","Crops and livestock products","524","Nepal","5412","Yield","0118","Millet","2016","2016","kg/ha","1133.4","A","Official value",""
"QCL","Crops and livestock products","524","Nepal","5412","Yield","0118","Millet","2017","2017","kg/ha","1163.5","A","Official value",""
"QCL","Crops and livestock products","524","Nepal","5412","Yield","0118","Millet","2018","2018","kg/ha","1191.6","A","Official value",""
"QCL","Crops and livestock products","524","Nepal","5412","Yield","0118","Millet","2019","2019","kg/ha","1193.6","A","Official value",""
"QCL","Crops and livestock products","524","Nepal","5412","Yield","0118","Millet","2020","2020","kg/ha","1222.5","A","Official value",""
"QCL","Crops and livestock products","524","Nepal","5412","Yield","0118","Millet","2021","2021","kg/ha","1230","A","Official value",""
"QCL","Crops and livestock products","524","Nepal","5412","Yield","0118","Millet","2022","2022","kg/ha","1271.1","A","Official value",""
"QCL","Crops and livestock products","524","Nepal","5412","Yield","0118","Millet","2023","2023","kg/ha","1363.8","A","Official value",""
"QCL","Crops and livestock products","524","Nepal","5412","Yield","0118","Millet","2024","2024","kg/ha","1337","A","Official value",""
"QCL","Crops and livestock products","524","Nepal","5412","Yield","01510","Potatoes","1961","1961","kg/ha","5609.8","E","Estimated value",""
"QCL","Crops and livestock products","524","Nepal","5412","Yield","01510","Potatoes","1962","1962","kg/ha","5609.8","E","Estimated value",""
"QCL","Crops and livestock products","524","Nepal","5412","Yield","01510","Potatoes","1963","1963","kg/ha","5714.3","E","Estimated value",""
"QCL","Crops and livestock products","524","Nepal","5412","Yield","01510","Potatoes","1964","1964","kg/ha","5781.3","E","Estimated value",""
"QCL","Crops and livestock products","524","Nepal","5412","Yield","01510","Potatoes","1965","1965","kg/ha","6651.2","E","Estimated value",""
"QCL","Crops and livestock products","524","Nepal","5412","Yield","01510","Potatoes","1966","1966","kg/ha","6595.2","A","Official value",""
"QCL","Crops and livestock products","524","Nepal","5412","Yield","01510","Potatoes","1967","1967","kg/ha","6976.7","A","Official value",""
"QCL","Crops and livestock products","524","Nepal","5412","Yield","01510","Potatoes","1968","1968","kg/ha","5744.7","A","Official value",""
"QCL","Crops and livestock products","524","Nepal","5412","Yield","01510","Potatoes","1969","1969","kg/ha","5766.7","A","Official value",""
"QCL","Crops and livestock products","524","Nepal","5412","Yield","01510","Potatoes","1970","1970","kg/ha","5771.9","A","Official value",""
"QCL","Crops and livestock products","524","Nepal","5412","Yield","01510","Potatoes","1971","1971","kg/ha","5589.6","A","Official value",""
"QCL","Crops and livestock products","524","Nepal","5412","Yield","01510","Potatoes","1972","1972","kg/ha","5759.7","A","Official value",""
"QCL","Crops and livestock products","524","Nepal","5412","Yield","01510","Potatoes","1973","1973","kg/ha","5739.3","A","Official value",""
"QCL","Crops and livestock products","524","Nepal","5412","Yield","01510","Potatoes","1974","1974","kg/ha","5725.3","A","Official value",""
"QCL","Crops and livestock products","524","Nepal","5412","Yield","01510","Potatoes","1975","1975","kg/ha","5721","A","Official value",""
"QCL","Crops and livestock products","524","Nepal","5412","Yield","01510","Potatoes","1976","1976","kg/ha","5884.2","A","Official value",""
"QCL","Crops and livestock products","524","Nepal","5412","Yield","01510","Potatoes","1977","1977","kg/ha","5164.3","A","Official value",""
"QCL","Crops and livestock products","524","Nepal","5412","Yield","01510","Potatoes","1978","1978","kg/ha","5367.6","A","Official value",""
"QCL","Crops and livestock products","524","Nepal","5412","Yield","01510","Potatoes","1979","1979","kg/ha","5498.8","A","Official value",""
"QCL","Crops and livestock products","524","Nepal","5412","Yield","01510","Potatoes","1980","1980","kg/ha","5423.7","A","Official value",""
"QCL","Crops and livestock products","524","Nepal","5412","Yield","01510","Potatoes","1981","1981","kg/ha","5658.3","A","Official value",""
"QCL","Crops and livestock products","524","Nepal","5412","Yield","01510","Potatoes","1982","1982","kg/ha","6173.8","A","Official value",""
"QCL","Crops and livestock products","524","Nepal","5412","Yield","01510","Potatoes","1983","1983","kg/ha","6300.2","A","Official value",""
"QCL","Crops and livestock products","524","Nepal","5412","Yield","01510","Potatoes","1984","1984","kg/ha","6506.1","A","Official value",""
"QCL","Crops and livestock products","524","Nepal","5412","Yield","01510","Potatoes","1985","1985","kg/ha","6410.7","A","Official value",""
"QCL","Crops and livestock products","524","Nepal","5412","Yield","01510","Potatoes","1986","1986","kg/ha","5098.9","A","Official value",""
"QCL","Crops and livestock products","524","Nepal","5412","Yield","01510","Potatoes","1987","1987","kg/ha","5317.1","A","Official value",""
"QCL","Crops and livestock products","524","Nepal","5412","Yield","01510","Potatoes","1988","1988","kg/ha","7071","A","Official value",""
"QCL","Crops and livestock products","524","Nepal","5412","Yield","01510","Potatoes","1989","1989","kg/ha","7857.2","A","Official value",""
"QCL","Crops and livestock products","524","Nepal","5412","Yield","01510","Potatoes","1990","1990","kg/ha","8060.1","A","Official value",""
"QCL","Crops and livestock products","524","Nepal","5412","Yield","01510","Potatoes","1991","1991","kg/ha","8756.9","A","Official value",""
"QCL","Crops and livestock products","524","Nepal","5412","Yield","01510","Potatoes","1992","1992","kg/ha","8591.6","A","Official value",""
"QCL","Crops and livestock products","524","Nepal","5412","Yield","01510","Potatoes","1993","1993","kg/ha","8426.8","A","Official value",""
"QCL","Crops and livestock products","524","Nepal","5412","Yield","01510","Potatoes","1994","1994","kg/ha","8753.9","A","Official value",""
"QCL","Crops and livestock products","524","Nepal","5412","Yield","01510","Potatoes","1995","1995","kg/ha","8592.6","A","Official value",""
"QCL","Crops and livestock products","524","Nepal","5412","Yield","01510","Potatoes","1996","1996","kg/ha","8475","A","Official value",""
"QCL","Crops and livestock products","524","Nepal","5412","Yield","01510","Potatoes","1997","1997","kg/ha","8982","A","Official value",""
"QCL","Crops and livestock products","524","Nepal","5412","Yield","01510","Potatoes","1998","1998","kg/ha","8466.4","A","Official value",""
"QCL","Crops and livestock products","524","Nepal","5412","Yield","01510","Potatoes","1999","1999","kg/ha","9259.9","A","Official value",""
"QCL","Crops and livestock products","524","Nepal","5412","Yield","01510","Potatoes","2000","2000","kg/ha","9643.6","A","Official value",""
"QCL","Crops and livestock products","524","Nepal","5412","Yield","01510","Potatoes","2001","2001","kg/ha","10182.4","A","Official value",""
"QCL","Crops and livestock products","524","Nepal","5412","Yield","01510","Potatoes","2002","2002","kg/ha","10901.8","A","Official value",""
"QCL","Crops and livestock products","524","Nepal","5412","Yield","01510","Potatoes","2003","2003","kg/ha","10924.6","A","Official value",""
"QCL","Crops and livestock products","524","Nepal","5412","Yield","01510","Potatoes","2004","2004","kg/ha","11489.8","A","Official value",""
"QCL","Crops and livestock products","524","Nepal","5412","Yield","01510","Potatoes","2005","2005","kg/ha","11845.8","A","Official value",""
"QCL","Crops and livestock products","524","Nepal","5412","Yield","01510","Potatoes","2006","2006","kg/ha","13089.6","A","Official value",""
"QCL","Crops and livestock products","524","Nepal","5412","Yield","01510","Potatoes","2007","2007","kg/ha","12656.8","A","Official value",""
"QCL","Crops and livestock products","524","Nepal","5412","Yield","01510","Potatoes","2008","2008","kg/ha","13110","A","Official value",""
"QCL","Crops and livestock products","524","Nepal","5412","Yield","01510","Potatoes","2009","2009","kg/ha","13326.3","A","Official value",""
"QCL","Crops and livestock products","524","Nepal","5412","Yield","01510","Potatoes","2010","2010","kg/ha","13584.1","A","Official value",""
"QCL","Crops and livestock products","524","Nepal","5412","Yield","01510","Potatoes","2011","2011","kg/ha","13735.2","A","Official value",""
"QCL","Crops and livestock products","524","Nepal","5412","Yield","01510","Potatoes","2012","2012","kg/ha","13583.7","A","Official value",""
"QCL","Crops and livestock products","524","Nepal","5412","Yield","01510","Potatoes","2013","2013","kg/ha","13640.8","A","Official value",""
"QCL","Crops and livestock products","524","Nepal","5412","Yield","01510","Potatoes","2014","2014","kg/ha","13695.5","A","Official value",""
"QCL","Crops and livestock products","524","Nepal","5412","Yield","01510","Potatoes","2015","2015","kg/ha","13125.9","A","Official value",""
"QCL","Crops and livestock products","524","Nepal","5412","Yield","01510","Potatoes","2016","2016","kg/ha","14029.9","A","Official value",""
"QCL","Crops and livestock products","524","Nepal","5412","Yield","01510","Potatoes","2017","2017","kg/ha","13863.1","A","Official value",""
"QCL","Crops and livestock products","524","Nepal","5412","Yield","01510","Potatoes","2018","2018","kg/ha","15814.2","A","Official value",""
"QCL","Crops and livestock products","524","Nepal","5412","Yield","01510","Potatoes","2019","2019","kg/ha","16046.4","A","Official value",""
"QCL","Crops and livestock products","524","Nepal","5412","Yield","01510","Potatoes","2020","2020","kg/ha","16650","A","Official value",""
"QCL","Crops and livestock products","524","Nepal","5412","Yield","01510","Potatoes","2021","2021","kg/ha","16727.5","A","Official value",""
"QCL","Crops and livestock products","524","Nepal","5412","Yield","01510","Potatoes","2022","2022","kg/ha","17204.2","A","Official value",""
"QCL","Crops and livestock products","524","Nepal","5412","Yield","01510","Potatoes","2023","2023","kg/ha","17112.9","A","Official value",""
"QCL","Crops and livestock products","524","Nepal","5412","Yield","01510","Potatoes","2024","2024","kg/ha","16651.1","A","Official value",""
"QCL","Crops and livestock products","524","Nepal","5412","Yield","0113","Rice","1961","1961","kg/ha","1937.5","A","Official value",""
"QCL","Crops and livestock products","524","Nepal","5412","Yield","0113","Rice","1962","1962","kg/ha","1934.2","A","Official value",""
"QCL","Crops and livestock products","524","Nepal","5412","Yield","0113","Rice","1963","1963","kg/ha","1934.9","A","Official value",""
"QCL","Crops and livestock products","524","Nepal","5412","Yield","0113","Rice","1964","1964","kg/ha","1999.1","A","Official value",""
"QCL","Crops and livestock products","524","Nepal","5412","Yield","0113","Rice","1965","1965","kg/ha","1986.5","A","Official value",""
"QCL","Crops and livestock products","524","Nepal","5412","Yield","0113","Rice","1966","1966","kg/ha","1824.8","A","Official value",""
"QCL","Crops and livestock products","524","Nepal","5412","Yield","0113","Rice","1967","1967","kg/ha","1836.1","A","Official value",""
"QCL","Crops and livestock products","524","Nepal","5412","Yield","0113","Rice","1968","1968","kg/ha","1874.5","A","Official value",""
"QCL","Crops and livestock products","524","Nepal","5412","Yield","0113","Rice","1969","1969","kg/ha","1910.4","A","Official value",""
"QCL","Crops and livestock products","524","Nepal","5412","Yield","0113","Rice","1970","1970","kg/ha","1948.6","A","Official value",""
"QCL","Crops and livestock products","524","Nepal","5412","Yield","0113","Rice","1971","1971","kg/ha","1952","A","Official value",""
"QCL","Crops and livestock products","524","Nepal","5412","Yield","0113","Rice","1972","1972","kg/ha","1763.3","A","Official value",""
"QCL","Crops and livestock products","524","Nepal","5412","Yield","0113","Rice","1973","1973","kg/ha","1969","A","Official value",""
"QCL","Crops and livestock products","524","Nepal","5412","Yield","0113","Rice","1974","1974","kg/ha","1977.9","A","Official value",""
"QCL","Crops and livestock products","524","Nepal","5412","Yield","0113","Rice","1975","1975","kg/ha","2074.2","A","Official value",""
"QCL","Crops and livestock products","524","Nepal","5412","Yield","0113","Rice","1976","1976","kg/ha","1891.4","A","Official value",""
"QCL","Crops and livestock products","524","Nepal","5412","Yield","0113","Rice","1977","1977","kg/ha","1805.6","A","Official value",""
"QCL","Crops and livestock products","524","Nepal","5412","Yield","0113","Rice","1978","1978","kg/ha","1852.7","A","Official value",""
"QCL","Crops and livestock products","524","Nepal","5412","Yield","0113","Rice","1979","1979","kg/ha","1642.4","A","Official value",""
"QCL","Crops and livestock products","524","Nepal","5412","Yield","0113","Rice","1980","1980","kg/ha","1932","A","Official value",""
"QCL","Crops and livestock products","524","Nepal","5412","Yield","0113","Rice","1981","1981","kg/ha","1974.6","A","Official value",""
"QCL","Crops and livestock products","524","Nepal","5412","Yield","0113","Rice","1982","1982","kg/ha","1448.9","A","Official value",""
"QCL","Crops and livestock products","524","Nepal","5412","Yield","0113","Rice","1983","1983","kg/ha","2066.4","A","Official value",""
"QCL","Crops and livestock products","524","Nepal","5412","Yield","0113","Rice","1984","1984","kg/ha","1967.8","A","Official value",""
"QCL","Crops and livestock products","524","Nepal","5412","Yield","0113","Rice","1985","1985","kg/ha","2016.1","A","Official value",""
"QCL","Crops and livestock products","524","Nepal","5412","Yield","0113","Rice","1986","1986","kg/ha","1779","A","Official value",""
"QCL","Crops and livestock products","524","Nepal","5412","Yield","0113","Rice","1987","1987","kg/ha","2095","A","Official value",""
"QCL","Crops and livestock products","524","Nepal","5412","Yield","0113","Rice","1988","1988","kg/ha","2263.5","A","Official value",""
"QCL","Crops and livestock products","524","Nepal","5412","Yield","0113","Rice","1989","1989","kg/ha","2365.7","A","Official value",""
"QCL","Crops and livestock products","524","Nepal","5412","Yield","0113","Rice","1990","1990","kg/ha","2406.7","A","Official value",""
"QCL","Crops and livestock products","524","Nepal","5412","Yield","0113","Rice","1991","1991","kg/ha","2048.1","A","Official value",""
"QCL","Crops and livestock products","524","Nepal","5412","Yield","0113","Rice","1992","1992","kg/ha","2410","A","Official value",""
"QCL","Crops and livestock products","524","Nepal","5412","Yield","0113","Rice","1993","1993","kg/ha","2123.7","A","Official value",""
"QCL","Crops and livestock products","524","Nepal","5412","Yield","0113","Rice","1994","1994","kg/ha","2391","A","Official value",""
"QCL","Crops and livestock products","524","Nepal","5412","Yield","0113","Rice","1995","1995","kg/ha","2455.4","A","Official value",""
"QCL","Crops and livestock products","524","Nepal","5412","Yield","0113","Rice","1996","1996","kg/ha","2417","A","Official value",""
"QCL","Crops and livestock products","524","Nepal","5412","Yield","0113","Rice","1997","1997","kg/ha","2443.4","A","Official value",""
"QCL","Crops and livestock products","524","Nepal","5412","Yield","0113","Rice","1998","1998","kg/ha","2472.2","A","Official value",""
"QCL","Crops and livestock products","524","Nepal","5412","Yield","0113","Rice","1999","1999","kg/ha","2702.8","A","Official value",""
"QCL","Crops and livestock products","524","Nepal","5412","Yield","0113","Rice","2000","2000","kg/ha","2745.4","A","Official value",""
"QCL","Crops and livestock products","524","Nepal","5412","Yield","0113","Rice","2001","2001","kg/ha","2675.4","A","Official value",""
"QCL","Crops and livestock products","524","Nepal","5412","Yield","0113","Rice","2002","2002","kg/ha","2675.3","A","Official value",""
"QCL","Crops and livestock products","524","Nepal","5412","Yield","0113","Rice","2003","2003","kg/ha","2857.3","A","Official value",""
"QCL","Crops and livestock products","524","Nepal","5412","Yield","0113","Rice","2004","2004","kg/ha","2782.5","A","Official value",""
"QCL","Crops and livestock products","524","Nepal","5412","Yield","0113","Rice","2005","2005","kg/ha","2716.6","A","Official value",""
"QCL","Crops and livestock products","524","Nepal","5412","Yield","0113","Rice","2006","2006","kg/ha","2557","A","Official value",""
"QCL","Crops and livestock products","524","Nepal","5412","Yield","0113","Rice","2007","2007","kg/ha","2775","A","Official value",""
"QCL","Crops and livestock products","524","Nepal","5412","Yield","0113","Rice","2008","2008","kg/ha","2907.4","A","Official value",""
"QCL","Crops and livestock products","524","Nepal","5412","Yield","0113","Rice","2009","2009","kg/ha","2716.4","A","Official value",""
"QCL","Crops and livestock products","524","Nepal","5412","Yield","0113","Rice","2010","2010","kg/ha","2980.5","A","Official value",""
"QCL","Crops and livestock products","524","Nepal","5412","Yield","0113","Rice","2011","2011","kg/ha","3312","A","Official value",""
"QCL","Crops and livestock products","524","Nepal","5412","Yield","0113","Rice","2012","2012","kg/ha","3170.9","A","Official value",""
"QCL","Crops and livestock products","524","Nepal","5412","Yield","0113","Rice","2013","2013","kg/ha","3394.2","A","Official value",""
"QCL","Crops and livestock products","524","Nepal","5412","Yield","0113","Rice","2014","2014","kg/ha","3359.6","A","Official value",""
"QCL","Crops and livestock products","524","Nepal","5412","Yield","0113","Rice","2015","2015","kg/ha","3154.3","A","Official value",""
"QCL","Crops and livestock products","524","Nepal","5412","Yield","0113","Rice","2016","2016","kg/ha","3369","A","Official value",""
"QCL","Crops and livestock products","524","Nepal","5412","Yield","0113","Rice","2017","2017","kg/ha","3505.8","A","Official value",""
"QCL","Crops and livestock products","524","Nepal","5412","Yield","0113","Rice","2018","2018","kg/ha","3760.7","A","Official value",""
"QCL","Crops and livestock products","524","Nepal","5412","Yield","0113","Rice","2019","2019","kg/ha","3804.8","A","Official value",""
"QCL","Crops and livestock products","524","Nepal","5412","Yield","0113","Rice","2020","2020","kg/ha","3815.3","A","Official value",""
"QCL","Crops and livestock products","524","Nepal","5412","Yield","0113","Rice","2021","2021","kg/ha","3472.8","A","Official value",""
"QCL","Crops and livestock products","524","Nepal","5412","Yield","0113","Rice","2022","2022","kg/ha","3789.6","A","Official value",""
"QCL","Crops and livestock products","524","Nepal","5412","Yield","0113","Rice","2023","2023","kg/ha","3978","A","Official value",""
"QCL","Crops and livestock products","524","Nepal","5412","Yield","0113","Rice","2024","2024","kg/ha","4192.2","E","Estimated value",""
"QCL","Crops and livestock products","524","Nepal","5412","Yield","0111","Wheat","1961","1961","kg/ha","1227.3","E","Estimated value",""
"QCL","Crops and livestock products","524","Nepal","5412","Yield","0111","Wheat","1962","1962","kg/ha","1232.1","A","Official value",""
"QCL","Crops and livestock products","524","Nepal","5412","Yield","0111","Wheat","1963","1963","kg/ha","1228.4","A","Official value",""
"QCL","Crops and livestock products","524","Nepal","5412","Yield","0111","Wheat","1964","1964","kg/ha","1225.7","A","Official value",""
"QCL","Crops and livestock products","524","Nepal","5412","Yield","0111","Wheat","1965","1965","kg/ha","1260","A","Official value",""
"QCL","Crops and livestock products","524","Nepal","5412","Yield","0111","Wheat","1966","1966","kg/ha","1245.8","A","Official value",""
"QCL","Crops and livestock products","524","Nepal","5412","Yield","0111","Wheat","1967","1967","kg/ha","1261.9","A","Official value",""
"QCL","Crops and livestock products","524","Nepal","5412","Yield","0111","Wheat","1968","1968","kg/ha","1066.1","A","Official value",""
"QCL","Crops and livestock products","524","Nepal","5412","Yield","0111","Wheat","1969","1969","kg/ha","1119.6","A","Official value",""
"QCL","Crops and livestock products","524","Nepal","5412","Yield","0111","Wheat","1970","1970","kg/ha","1173.3","A","Official value",""
"QCL","Crops and livestock products","524","Nepal","5412","Yield","0111","Wheat","1971","1971","kg/ha","846.6","A","Official value",""
"QCL","Crops and livestock products","524","Nepal","5412","Yield","0111","Wheat","1972","1972","kg/ha","933.2","A","Official value",""
"QCL","Crops and livestock products","524","Nepal","5412","Yield","0111","Wheat","1973","1973","kg/ha","1204.5","A","Official value",""
"QCL","Crops and livestock products","524","Nepal","5412","Yield","0111","Wheat","1974","1974","kg/ha","1125.8","A","Official value",""
"QCL","Crops and livestock products","524","Nepal","5412","Yield","0111","Wheat","1975","1975","kg/ha","1137.5","A","Official value",""
"QCL","Crops and livestock products","524","Nepal","5412","Yield","0111","Wheat","1976","1976","kg/ha","1177.8","A","Official value",""
"QCL","Crops and livestock products","524","Nepal","5412","Yield","0111","Wheat","1977","1977","kg/ha","1039","A","Official value",""
"QCL","Crops and livestock products","524","Nepal","5412","Yield","0111","Wheat","1978","1978","kg/ha","1119.9","A","Official value",""
"QCL","Crops and livestock products","524","Nepal","5412","Yield","0111","Wheat","1979","1979","kg/ha","1165.8","A","Official value",""
"QCL","Crops and livestock products","524","Nepal","5412","Yield","0111","Wheat","1980","1980","kg/ha","1199.3","A","Official value",""
"QCL","Crops and livestock products","524","Nepal","5412","Yield","0111","Wheat","1981","1981","kg/ha","1218","A","Official value",""
"QCL","Crops and livestock products","524","Nepal","5412","Yield","0111","Wheat","1982","1982","kg/ha","1315.2","A","Official value",""
"QCL","Crops and livestock products","524","Nepal","5412","Yield","0111","Wheat","1983","1983","kg/ha","1357.2","A","Official value",""
"QCL","Crops and livestock products","524","Nepal","5412","Yield","0111","Wheat","1984","1984","kg/ha","1343.3","A","Official value",""
"QCL","Crops and livestock products","524","Nepal","5412","Yield","0111","Wheat","1985","1985","kg/ha","1181.1","A","Official value",""
"QCL","Crops and livestock products","524","Nepal","5412","Yield","0111","Wheat","1986","1986","kg/ha","1238.6","A","Official value",""
"QCL","Crops and livestock products","524","Nepal","5412","Yield","0111","Wheat","1987","1987","kg/ha","1309.1","A","Official value",""
"QCL","Crops and livestock products","524","Nepal","5412","Yield","0111","Wheat","1988","1988","kg/ha","1247.8","A","Official value",""
"QCL","Crops and livestock products","524","Nepal","5412","Yield","0111","Wheat","1989","1989","kg/ha","1385.1","A","Official value",""
"QCL","Crops and livestock products","524","Nepal","5412","Yield","0111","Wheat","1990","1990","kg/ha","1414.9","A","Official value",""
"QCL","Crops and livestock products","524","Nepal","5412","Yield","0111","Wheat","1991","1991","kg/ha","1410.3","A","Official value",""
"QCL","Crops and livestock products","524","Nepal","5412","Yield","0111","Wheat","1992","1992","kg/ha","1333.8","A","Official value",""
"QCL","Crops and livestock products","524","Nepal","5412","Yield","0111","Wheat","1993","1993","kg/ha","1246","A","Official value",""
"QCL","Crops and livestock products","524","Nepal","5412","Yield","0111","Wheat","1994","1994","kg/ha","1470.4","A","Official value",""
"QCL","Crops and livestock products","524","Nepal","5412","Yield","0111","Wheat","1995","1995","kg/ha","1441.6","A","Official value",""
"QCL","Crops and livestock products","524","Nepal","5412","Yield","0111","Wheat","1996","1996","kg/ha","1550","A","Official value",""
"QCL","Crops and livestock products","524","Nepal","5412","Yield","0111","Wheat","1997","1997","kg/ha","1607.2","A","Official value",""
"QCL","Crops and livestock products","524","Nepal","5412","Yield","0111","Wheat","1998","1998","kg/ha","1546.3","A","Official value",""
"QCL","Crops and livestock products","524","Nepal","5412","Yield","0111","Wheat","1999","1999","kg/ha","1695.5","A","Official value",""
"QCL","Crops and livestock products","524","Nepal","5412","Yield","0111","Wheat","2000","2000","kg/ha","1793.1","A","Official value",""
"QCL","Crops and livestock products","524","Nepal","5412","Yield","0111","Wheat","2001","2001","kg/ha","1806.3","A","Official value",""
"QCL","Crops and livestock products","524","Nepal","5412","Yield","0111","Wheat","2002","2002","kg/ha","1885.9","A","Official value",""
"QCL","Crops and livestock products","524","Nepal","5412","Yield","0111","Wheat","2003","2003","kg/ha","2009.2","A","Official value",""
"QCL","Crops and livestock products","524","Nepal","5412","Yield","0111","Wheat","2004","2004","kg/ha","2087.3","A","Official value",""
"QCL","Crops and livestock products","524","Nepal","5412","Yield","0111","Wheat","2005","2005","kg/ha","2134.4","A","Official value",""
"QCL","Crops and livestock products","524","Nepal","5412","Yield","0111","Wheat","2006","2006","kg/ha","2074.5","A","Official value",""
"QCL","Crops and livestock products","524","Nepal","5412","Yield","0111","Wheat","2007","2007","kg/ha","2156.3","A","Official value",""
"QCL","Crops and livestock products","524","Nepal","5412","Yield","0111","Wheat","2008","2008","kg/ha","2225.2","A","Official value",""
"QCL","Crops and livestock products","524","Nepal","5412","Yield","0111","Wheat","2009","2009","kg/ha","1933.8","A","Official value",""
"QCL","Crops and livestock products","524","Nepal","5412","Yield","0111","Wheat","2010","2010","kg/ha","2128.9","A","Official value",""
"QCL","Crops and livestock products","524","Nepal","5412","Yield","0111","Wheat","2011","2011","kg/ha","2274.7","A","Official value",""
"QCL","Crops and livestock products","524","Nepal","5412","Yield","0111","Wheat","2012","2012","kg/ha","2412.3","A","Official value",""
"QCL","Crops and livestock products","524","Nepal","5412","Yield","0111","Wheat","2013","2013","kg/ha","2290.2","A","Official value",""
"QCL","Crops and livestock products","524","Nepal","5412","Yield","0111","Wheat","2014","2014","kg/ha","2496","A","Official value",""
"QCL","Crops and livestock products","524","Nepal","5412","Yield","0111","Wheat","2015","2015","kg/ha","2591.4","A","Official value",""
"QCL","Crops and livestock products","524","Nepal","5412","Yield","0111","Wheat","2016","2016","kg/ha","2328.8","A","Official value",""
"QCL","Crops and livestock products","524","Nepal","5412","Yield","0111","Wheat","2017","2017","kg/ha","2553.8","A","Official value",""
"QCL","Crops and livestock products","524","Nepal","5412","Yield","0111","Wheat","2018","2018","kg/ha","2757.3","A","Official value",""
"QCL","Crops and livestock products","524","Nepal","5412","Yield","0111","Wheat","2019","2019","kg/ha","2849","A","Official value",""
"QCL","Crops and livestock products","524","Nepal","5412","Yield","0111","Wheat","2020","2020","kg/ha","3088.7","A","Official value",""
"QCL","Crops and livestock products","524","Nepal","5412","Yield","0111","Wheat","2021","2021","kg/ha","2991.7","A","Official value",""
"QCL","Crops and livestock products","524","Nepal","5412","Yield","0111","Wheat","2022","2022","kg/ha","2991.1","A","Official value",""
"QCL","Crops and livestock products","524","Nepal","5412","Yield","0111","Wheat","2023","2023","kg/ha","3007.4","A","Official value",""
"QCL","Crops and livestock products","524","Nepal","5412","Yield","0111","Wheat","2024","2024","kg/ha","2985.3","A","Official value",""
